,image,label
0,trash12,1
1,trash78,1
2,trash68,1
3,trash79,1
4,trash61,1
5,trash134,1
6,trash40,1
7,trash30,1
8,trash26,1
9,trash21,1
10,trash44,1
11,trash63,1
12,trash20,1
13,trash126,1
14,trash55,1
15,trash131,1
16,trash77,1
17,trash110,1
18,trash100,1
19,trash18,1
20,trash36,1
21,trash103,1
22,trash119,1
23,trash8,1
24,trash98,1
25,trash50,1
26,trash52,1
27,trash133,1
28,trash11,1
29,trash10,1
30,trash99,1
31,trash41,1
32,trash104,1
33,trash49,1
34,trash101,1
35,trash85,1
36,trash117,1
37,trash34,1
38,trash73,1
39,trash6,1
40,trash65,1
41,trash17,1
42,trash27,1
43,trash29,1
44,trash95,1
45,trash53,1
46,trash123,1
47,trash88,1
48,trash43,1
49,trash87,1
50,trash7,1
51,trash46,1
52,trash96,1
53,trash56,1
54,trash75,1
55,trash83,1
56,trash114,1
57,trash93,1
58,trash15,1
59,trash84,1
60,trash2,1
61,trash32,1
62,trash39,1
63,trash89,1
64,trash58,1
65,trash59,1
66,trash3,1
67,trash5,1
68,trash66,1
69,trash13,1
70,trash38,1
71,trash136,1
72,trash69,1
73,trash48,1
74,trash132,1
75,trash76,1
76,trash111,1
77,trash16,1
78,trash19,1
79,trash51,1
80,trash33,1
81,trash31,1
82,trash118,1
83,trash35,1
84,trash71,1
85,trash72,1
86,trash120,1
87,trash113,1
88,trash97,1
89,trash129,1
90,trash14,1
91,trash106,1
92,trash60,1
93,trash137,1
94,trash47,1
95,trash1,1
96,trash102,1
97,trash70,1
98,trash57,1
99,trash135,1
100,trash82,1
101,trash4,1
102,trash80,1
103,trash67,1
104,trash112,1
105,trash92,1
106,trash105,1
107,trash23,1
108,trash127,1
109,trash130,1
110,trash116,1
111,trash124,1
112,trash28,1
113,trash125,1
114,trash108,1
115,trash62,1
116,trash107,1
117,trash22,1
118,trash45,1
119,trash128,1
120,trash115,1
121,trash122,1
122,trash121,1
123,trash37,1
124,trash81,1
125,trash64,1
126,trash94,1
127,trash90,1
128,trash109,1
129,trash42,1
130,trash91,1
131,trash25,1
132,trash24,1
133,trash54,1
134,trash86,1
135,trash74,1
136,trash9,1
137,metal77,1
138,metal289,1
139,metal3,1
140,metal215,1
141,metal282,1
142,metal381,1
143,metal372,1
144,metal78,1
145,metal51,1
146,metal109,1
147,metal67,1
148,metal354,1
149,metal234,1
150,metal14,1
151,metal347,1
152,metal231,1
153,metal34,1
154,metal218,1
155,metal74,1
156,metal85,1
157,metal403,1
158,metal266,1
159,metal112,1
160,metal315,1
161,metal140,1
162,metal64,1
163,metal343,1
164,metal198,1
165,metal165,1
166,metal263,1
167,metal35,1
168,metal396,1
169,metal174,1
170,metal185,1
171,metal286,1
172,metal36,1
173,metal87,1
174,metal70,1
175,metal68,1
176,metal290,1
177,metal259,1
178,metal318,1
179,metal22,1
180,metal323,1
181,metal15,1
182,metal164,1
183,metal369,1
184,metal377,1
185,metal7,1
186,metal252,1
187,metal102,1
188,metal307,1
189,metal146,1
190,metal184,1
191,metal69,1
192,metal197,1
193,metal269,1
194,metal376,1
195,metal389,1
196,metal249,1
197,metal71,1
198,metal103,1
199,metal280,1
200,metal49,1
201,metal145,1
202,metal80,1
203,metal44,1
204,metal84,1
205,metal350,1
206,metal154,1
207,metal104,1
208,metal92,1
209,metal391,1
210,metal121,1
211,metal364,1
212,metal408,1
213,metal38,1
214,metal1,1
215,metal137,1
216,metal73,1
217,metal42,1
218,metal210,1
219,metal191,1
220,metal125,1
221,metal385,1
222,metal211,1
223,metal25,1
224,metal241,1
225,metal291,1
226,metal305,1
227,metal55,1
228,metal132,1
229,metal304,1
230,metal107,1
231,metal177,1
232,metal62,1
233,metal236,1
234,metal311,1
235,metal299,1
236,metal147,1
237,metal111,1
238,metal227,1
239,metal329,1
240,metal186,1
241,metal138,1
242,metal229,1
243,metal331,1
244,metal247,1
245,metal91,1
246,metal60,1
247,metal233,1
248,metal400,1
249,metal251,1
250,metal277,1
251,metal256,1
252,metal54,1
253,metal28,1
254,metal86,1
255,metal397,1
256,metal255,1
257,metal220,1
258,metal12,1
259,metal336,1
260,metal375,1
261,metal327,1
262,metal361,1
263,metal96,1
264,metal260,1
265,metal45,1
266,metal33,1
267,metal196,1
268,metal313,1
269,metal224,1
270,metal250,1
271,metal4,1
272,metal90,1
273,metal117,1
274,metal340,1
275,metal57,1
276,metal32,1
277,metal199,1
278,metal98,1
279,metal118,1
280,metal339,1
281,metal330,1
282,metal119,1
283,metal240,1
284,metal168,1
285,metal238,1
286,metal346,1
287,metal310,1
288,metal348,1
289,metal261,1
290,metal129,1
291,metal245,1
292,metal122,1
293,metal398,1
294,metal88,1
295,metal131,1
296,metal332,1
297,metal135,1
298,metal110,1
299,metal58,1
300,metal10,1
301,metal341,1
302,metal217,1
303,metal328,1
304,metal153,1
305,metal309,1
306,metal301,1
307,metal161,1
308,metal105,1
309,metal283,1
310,metal221,1
311,metal148,1
312,metal212,1
313,metal113,1
314,metal253,1
315,metal189,1
316,metal187,1
317,metal106,1
318,metal390,1
319,metal293,1
320,metal173,1
321,metal195,1
322,metal316,1
323,metal363,1
324,metal308,1
325,metal288,1
326,metal342,1
327,metal190,1
328,metal213,1
329,metal353,1
330,metal108,1
331,metal21,1
332,metal75,1
333,metal294,1
334,metal97,1
335,metal278,1
336,metal344,1
337,metal18,1
338,metal40,1
339,metal274,1
340,metal175,1
341,metal130,1
342,metal200,1
343,metal151,1
344,metal268,1
345,metal202,1
346,metal216,1
347,metal279,1
348,metal321,1
349,metal246,1
350,metal163,1
351,metal222,1
352,metal362,1
353,metal126,1
354,metal139,1
355,metal39,1
356,metal52,1
357,metal298,1
358,metal271,1
359,metal93,1
360,metal172,1
361,metal193,1
362,metal81,1
363,metal123,1
364,metal156,1
365,metal160,1
366,metal284,1
367,metal254,1
368,metal124,1
369,metal5,1
370,metal167,1
371,metal166,1
372,metal13,1
373,metal349,1
374,metal345,1
375,metal155,1
376,metal120,1
377,metal2,1
378,metal285,1
379,metal182,1
380,metal338,1
381,metal287,1
382,metal50,1
383,metal374,1
384,metal272,1
385,metal142,1
386,metal183,1
387,metal300,1
388,metal406,1
389,metal149,1
390,metal181,1
391,metal335,1
392,metal41,1
393,metal357,1
394,metal322,1
395,metal188,1
396,metal203,1
397,metal351,1
398,metal205,1
399,metal178,1
400,metal127,1
401,metal99,1
402,metal237,1
403,metal306,1
404,metal303,1
405,metal26,1
406,metal176,1
407,metal387,1
408,metal162,1
409,metal133,1
410,metal180,1
411,metal116,1
412,metal337,1
413,metal24,1
414,metal11,1
415,metal17,1
416,metal101,1
417,metal59,1
418,metal358,1
419,metal395,1
420,metal201,1
421,metal297,1
422,metal65,1
423,metal248,1
424,metal100,1
425,metal89,1
426,metal134,1
427,metal8,1
428,metal386,1
429,metal262,1
430,metal243,1
431,metal30,1
432,metal61,1
433,metal409,1
434,metal356,1
435,metal214,1
436,metal407,1
437,metal242,1
438,metal235,1
439,metal365,1
440,metal257,1
441,metal79,1
442,metal152,1
443,metal317,1
444,metal373,1
445,metal209,1
446,metal265,1
447,metal367,1
448,metal382,1
449,metal393,1
450,metal29,1
451,metal302,1
452,metal143,1
453,metal276,1
454,metal371,1
455,metal82,1
456,metal230,1
457,metal320,1
458,metal384,1
459,metal388,1
460,metal157,1
461,metal83,1
462,metal267,1
463,metal334,1
464,metal194,1
465,metal296,1
466,metal115,1
467,metal192,1
468,metal379,1
469,metal63,1
470,metal19,1
471,metal66,1
472,metal47,1
473,metal325,1
474,metal9,1
475,metal378,1
476,metal326,1
477,metal324,1
478,metal314,1
479,metal368,1
480,metal292,1
481,metal355,1
482,metal281,1
483,metal53,1
484,metal171,1
485,metal392,1
486,metal158,1
487,metal46,1
488,metal23,1
489,metal225,1
490,metal312,1
491,metal319,1
492,metal141,1
493,metal56,1
494,metal370,1
495,metal169,1
496,metal270,1
497,metal94,1
498,metal394,1
499,metal275,1
500,metal219,1
501,metal43,1
502,metal128,1
503,metal360,1
504,metal208,1
505,metal20,1
506,metal401,1
507,metal404,1
508,metal179,1
509,metal405,1
510,metal159,1
511,metal228,1
512,metal136,1
513,metal352,1
514,metal144,1
515,metal366,1
516,metal223,1
517,metal295,1
518,metal170,1
519,metal204,1
520,metal207,1
521,metal48,1
522,metal244,1
523,metal76,1
524,metal410,1
525,metal399,1
526,metal6,1
527,metal333,1
528,metal383,1
529,metal380,1
530,metal239,1
531,metal16,1
532,metal359,1
533,metal95,1
534,metal264,1
535,metal150,1
536,metal31,1
537,metal258,1
538,metal273,1
539,metal114,1
540,metal27,1
541,metal232,1
542,metal72,1
543,metal206,1
544,metal402,1
545,metal37,1
546,metal226,1
547,plastic301,1
548,plastic65,1
549,plastic110,1
550,plastic168,1
551,plastic125,1
552,plastic437,1
553,plastic224,1
554,plastic265,1
555,plastic221,1
556,plastic464,1
557,plastic443,1
558,plastic312,1
559,plastic352,1
560,plastic403,1
561,plastic172,1
562,plastic218,1
563,plastic205,1
564,plastic466,1
565,plastic95,1
566,plastic365,1
567,plastic377,1
568,plastic433,1
569,plastic360,1
570,plastic385,1
571,plastic246,1
572,plastic209,1
573,plastic441,1
574,plastic200,1
575,plastic336,1
576,plastic118,1
577,plastic397,1
578,plastic67,1
579,plastic321,1
580,plastic293,1
581,plastic260,1
582,plastic281,1
583,plastic288,1
584,plastic305,1
585,plastic371,1
586,plastic171,1
587,plastic271,1
588,plastic12,1
589,plastic98,1
590,plastic328,1
591,plastic426,1
592,plastic10,1
593,plastic180,1
594,plastic145,1
595,plastic80,1
596,plastic300,1
597,plastic292,1
598,plastic106,1
599,plastic358,1
600,plastic75,1
601,plastic146,1
602,plastic51,1
603,plastic159,1
604,plastic191,1
605,plastic449,1
606,plastic105,1
607,plastic435,1
608,plastic29,1
609,plastic412,1
610,plastic273,1
611,plastic150,1
612,plastic69,1
613,plastic268,1
614,plastic190,1
615,plastic332,1
616,plastic212,1
617,plastic194,1
618,plastic313,1
619,plastic445,1
620,plastic297,1
621,plastic243,1
622,plastic144,1
623,plastic44,1
624,plastic226,1
625,plastic394,1
626,plastic213,1
627,plastic423,1
628,plastic333,1
629,plastic329,1
630,plastic286,1
631,plastic314,1
632,plastic217,1
633,plastic153,1
634,plastic76,1
635,plastic133,1
636,plastic124,1
637,plastic324,1
638,plastic30,1
639,plastic282,1
640,plastic195,1
641,plastic147,1
642,plastic91,1
643,plastic411,1
644,plastic88,1
645,plastic28,1
646,plastic434,1
647,plastic198,1
648,plastic181,1
649,plastic6,1
650,plastic120,1
651,plastic361,1
652,plastic249,1
653,plastic220,1
654,plastic148,1
655,plastic430,1
656,plastic253,1
657,plastic43,1
658,plastic354,1
659,plastic229,1
660,plastic479,1
661,plastic42,1
662,plastic204,1
663,plastic152,1
664,plastic296,1
665,plastic54,1
666,plastic126,1
667,plastic285,1
668,plastic97,1
669,plastic164,1
670,plastic374,1
671,plastic283,1
672,plastic279,1
673,plastic186,1
674,plastic468,1
675,plastic81,1
676,plastic175,1
677,plastic379,1
678,plastic398,1
679,plastic447,1
680,plastic178,1
681,plastic294,1
682,plastic369,1
683,plastic34,1
684,plastic409,1
685,plastic165,1
686,plastic348,1
687,plastic388,1
688,plastic359,1
689,plastic86,1
690,plastic90,1
691,plastic109,1
692,plastic82,1
693,plastic334,1
694,plastic382,1
695,plastic183,1
696,plastic46,1
697,plastic349,1
698,plastic478,1
699,plastic327,1
700,plastic396,1
701,plastic261,1
702,plastic413,1
703,plastic350,1
704,plastic457,1
705,plastic163,1
706,plastic254,1
707,plastic160,1
708,plastic460,1
709,plastic87,1
710,plastic316,1
711,plastic338,1
712,plastic32,1
713,plastic320,1
714,plastic129,1
715,plastic206,1
716,plastic326,1
717,plastic400,1
718,plastic71,1
719,plastic33,1
720,plastic419,1
721,plastic258,1
722,plastic310,1
723,plastic20,1
724,plastic7,1
725,plastic438,1
726,plastic17,1
727,plastic307,1
728,plastic108,1
729,plastic239,1
730,plastic407,1
731,plastic222,1
732,plastic177,1
733,plastic477,1
734,plastic40,1
735,plastic14,1
736,plastic264,1
737,plastic96,1
738,plastic373,1
739,plastic211,1
740,plastic442,1
741,plastic134,1
742,plastic250,1
743,plastic79,1
744,plastic439,1
745,plastic117,1
746,plastic465,1
747,plastic102,1
748,plastic381,1
749,plastic35,1
750,plastic244,1
751,plastic49,1
752,plastic323,1
753,plastic121,1
754,plastic262,1
755,plastic41,1
756,plastic237,1
757,plastic343,1
758,plastic52,1
759,plastic475,1
760,plastic306,1
761,plastic227,1
762,plastic167,1
763,plastic295,1
764,plastic60,1
765,plastic351,1
766,plastic201,1
767,plastic230,1
768,plastic418,1
769,plastic461,1
770,plastic19,1
771,plastic376,1
772,plastic425,1
773,plastic37,1
774,plastic436,1
775,plastic114,1
776,plastic289,1
777,plastic197,1
778,plastic458,1
779,plastic298,1
780,plastic432,1
781,plastic123,1
782,plastic319,1
783,plastic232,1
784,plastic223,1
785,plastic92,1
786,plastic472,1
787,plastic424,1
788,plastic142,1
789,plastic161,1
790,plastic337,1
791,plastic303,1
792,plastic5,1
793,plastic444,1
794,plastic240,1
795,plastic318,1
796,plastic166,1
797,plastic77,1
798,plastic357,1
799,plastic245,1
800,plastic4,1
801,plastic199,1
802,plastic315,1
803,plastic99,1
804,plastic140,1
805,plastic228,1
806,plastic135,1
807,plastic215,1
808,plastic372,1
809,plastic342,1
810,plastic408,1
811,plastic363,1
812,plastic3,1
813,plastic375,1
814,plastic470,1
815,plastic132,1
816,plastic387,1
817,plastic157,1
818,plastic467,1
819,plastic214,1
820,plastic73,1
821,plastic59,1
822,plastic93,1
823,plastic185,1
824,plastic122,1
825,plastic280,1
826,plastic278,1
827,plastic380,1
828,plastic138,1
829,plastic431,1
830,plastic450,1
831,plastic238,1
832,plastic231,1
833,plastic170,1
834,plastic308,1
835,plastic421,1
836,plastic370,1
837,plastic128,1
838,plastic410,1
839,plastic233,1
840,plastic11,1
841,plastic390,1
842,plastic378,1
843,plastic139,1
844,plastic476,1
845,plastic322,1
846,plastic104,1
847,plastic55,1
848,plastic53,1
849,plastic346,1
850,plastic101,1
851,plastic57,1
852,plastic70,1
853,plastic112,1
854,plastic429,1
855,plastic256,1
856,plastic16,1
857,plastic111,1
858,plastic1,1
859,plastic259,1
860,plastic344,1
861,plastic85,1
862,plastic241,1
863,plastic269,1
864,plastic247,1
865,plastic156,1
866,plastic393,1
867,plastic131,1
868,plastic402,1
869,plastic331,1
870,plastic353,1
871,plastic2,1
872,plastic119,1
873,plastic391,1
874,plastic127,1
875,plastic469,1
876,plastic216,1
877,plastic272,1
878,plastic311,1
879,plastic420,1
880,plastic270,1
881,plastic103,1
882,plastic446,1
883,plastic78,1
884,plastic275,1
885,plastic302,1
886,plastic482,1
887,plastic89,1
888,plastic248,1
889,plastic414,1
890,plastic480,1
891,plastic236,1
892,plastic24,1
893,plastic116,1
894,plastic242,1
895,plastic451,1
896,plastic13,1
897,plastic291,1
898,plastic64,1
899,plastic383,1
900,plastic422,1
901,plastic452,1
902,plastic440,1
903,plastic347,1
904,plastic471,1
905,plastic309,1
906,plastic15,1
907,plastic481,1
908,plastic389,1
909,plastic38,1
910,plastic367,1
911,plastic8,1
912,plastic143,1
913,plastic136,1
914,plastic362,1
915,plastic427,1
916,plastic455,1
917,plastic45,1
918,plastic113,1
919,plastic158,1
920,plastic416,1
921,plastic39,1
922,plastic345,1
923,plastic162,1
924,plastic356,1
925,plastic26,1
926,plastic384,1
927,plastic263,1
928,plastic417,1
929,plastic203,1
930,plastic154,1
931,plastic202,1
932,plastic340,1
933,plastic225,1
934,plastic36,1
935,plastic299,1
936,plastic56,1
937,plastic368,1
938,plastic406,1
939,plastic219,1
940,plastic404,1
941,plastic267,1
942,plastic304,1
943,plastic277,1
944,plastic63,1
945,plastic72,1
946,plastic155,1
947,plastic169,1
948,plastic62,1
949,plastic196,1
950,plastic47,1
951,plastic459,1
952,plastic174,1
953,plastic188,1
954,plastic58,1
955,plastic335,1
956,plastic173,1
957,plastic386,1
958,plastic9,1
959,plastic25,1
960,plastic100,1
961,plastic210,1
962,plastic23,1
963,plastic179,1
964,plastic48,1
965,plastic252,1
966,plastic66,1
967,plastic27,1
968,plastic355,1
969,plastic428,1
970,plastic463,1
971,plastic284,1
972,plastic366,1
973,plastic251,1
974,plastic473,1
975,plastic18,1
976,plastic266,1
977,plastic208,1
978,plastic235,1
979,plastic141,1
980,plastic448,1
981,plastic290,1
982,plastic50,1
983,plastic317,1
984,plastic193,1
985,plastic454,1
986,plastic234,1
987,plastic115,1
988,plastic107,1
989,plastic395,1
990,plastic21,1
991,plastic207,1
992,plastic276,1
993,plastic255,1
994,plastic364,1
995,plastic474,1
996,plastic287,1
997,plastic341,1
998,plastic22,1
999,plastic182,1
1000,plastic325,1
1001,plastic83,1
1002,plastic401,1
1003,plastic137,1
1004,plastic462,1
1005,plastic399,1
1006,plastic149,1
1007,plastic339,1
1008,plastic192,1
1009,plastic415,1
1010,plastic187,1
1011,plastic330,1
1012,plastic94,1
1013,plastic130,1
1014,plastic257,1
1015,plastic151,1
1016,plastic184,1
1017,plastic61,1
1018,plastic456,1
1019,plastic84,1
1020,plastic405,1
1021,plastic274,1
1022,plastic74,1
1023,plastic392,1
1024,plastic31,1
1025,plastic453,1
1026,plastic68,1
1027,plastic189,1
1028,plastic176,1
1029,33. paper%2btowel%2bcomposting,0
1030,41. office_sign_compost-copy,0
1031,39. 56c6125edd0895f3438b47a8-2732-1366,0
1032,38. small%20bumper%20sticker%20jpeg,0
1033,19. paper-towel,0
1034,12. dirty-paper-towel,0
1035,47. aid407197-v4-728px-remove-stains-from-paper-step-13,0
1036,14. wcmsp-178244,0
1037,49. a7e533467215d095a48910b71047c4f0,0
1038,30. nopapertowels1,0
1039,26. img_2951,0
1040,10. hands-drying-w-paper-towel,0
1041,4. 58669,0
1042,22. compost.001,0
1043,32. foodscraprecyclingposter,0
1044,2. 20450.large,0
1045,8. recycle%20001,0
1046,18. papertowel530,0
1047,31. custodial-waste-training-oct-(7)-960x720,0
1048,34. 56c6125ddd0895f3438b47a3-750-494,0
1049,44. recyclepapertowels_entry,0
1050,48. pizza-box,0
1051,24. img_2949,0
1052,5. tissues,0
1053,50. adorable-puppy-with-toilet-paper,0
1054,29. d9ymchmgrbyavjtsjzfl_chemicals_in_paper_towels_are_there_non_toxic_alternatives_-2,0
1055,21. foodscraps,0
1056,28. compost-valley-new-york-guide,0
1057,6. paper%2btowels%2bin%2bbrown%2bbags,0
1058,46. what-can-i-compost,0
1059,35. compost,0
1060,45. yardwaste,0
1061,1. napkins,0
1062,11. napkin,0
1063,43. wsmcompostsign,0
1064,42. compost-sign-abq-for-web-786x1024,0
1065,17. 9100899215_3db5e239a3_b,0
1066,15. foodsoiledpaper,0
1067,3. paper%20towel,0
1068,7. guide-paper-napkinssoiled,0
1069,23. recyclepapertowels_main,0
1070,27. compost-poster-general-667x1024,0
1071,13. papertowels-300x300,0
1072,37. toilet-roll,0
1073,glass256,1
1074,glass40,1
1075,glass238,1
1076,glass19,1
1077,glass254,1
1078,glass95,1
1079,glass305,1
1080,glass355,1
1081,glass117,1
1082,glass150,1
1083,glass440,1
1084,glass32,1
1085,glass432,1
1086,glass377,1
1087,glass179,1
1088,glass57,1
1089,glass14,1
1090,glass362,1
1091,glass113,1
1092,glass6,1
1093,glass413,1
1094,glass133,1
1095,glass135,1
1096,glass490,1
1097,glass451,1
1098,glass455,1
1099,glass338,1
1100,glass367,1
1101,glass337,1
1102,glass261,1
1103,glass389,1
1104,glass65,1
1105,glass234,1
1106,glass139,1
1107,glass190,1
1108,glass312,1
1109,glass171,1
1110,glass249,1
1111,glass472,1
1112,glass169,1
1113,glass202,1
1114,glass130,1
1115,glass356,1
1116,glass15,1
1117,glass293,1
1118,glass103,1
1119,glass147,1
1120,glass199,1
1121,glass260,1
1122,glass397,1
1123,glass498,1
1124,glass384,1
1125,glass132,1
1126,glass94,1
1127,glass243,1
1128,glass162,1
1129,glass43,1
1130,glass217,1
1131,glass445,1
1132,glass140,1
1133,glass419,1
1134,glass329,1
1135,glass263,1
1136,glass232,1
1137,glass457,1
1138,glass375,1
1139,glass64,1
1140,glass198,1
1141,glass378,1
1142,glass307,1
1143,glass359,1
1144,glass195,1
1145,glass369,1
1146,glass328,1
1147,glass239,1
1148,glass137,1
1149,glass473,1
1150,glass395,1
1151,glass75,1
1152,glass461,1
1153,glass297,1
1154,glass227,1
1155,glass266,1
1156,glass242,1
1157,glass246,1
1158,glass241,1
1159,glass264,1
1160,glass112,1
1161,glass180,1
1162,glass304,1
1163,glass487,1
1164,glass53,1
1165,glass154,1
1166,glass220,1
1167,glass28,1
1168,glass164,1
1169,glass394,1
1170,glass68,1
1171,glass433,1
1172,glass8,1
1173,glass71,1
1174,glass45,1
1175,glass444,1
1176,glass120,1
1177,glass469,1
1178,glass58,1
1179,glass265,1
1180,glass458,1
1181,glass207,1
1182,glass126,1
1183,glass361,1
1184,glass4,1
1185,glass114,1
1186,glass401,1
1187,glass309,1
1188,glass366,1
1189,glass29,1
1190,glass194,1
1191,glass66,1
1192,glass386,1
1193,glass332,1
1194,glass345,1
1195,glass341,1
1196,glass437,1
1197,glass283,1
1198,glass186,1
1199,glass192,1
1200,glass26,1
1201,glass489,1
1202,glass379,1
1203,glass409,1
1204,glass428,1
1205,glass60,1
1206,glass343,1
1207,glass219,1
1208,glass485,1
1209,glass10,1
1210,glass365,1
1211,glass463,1
1212,glass144,1
1213,glass270,1
1214,glass98,1
1215,glass320,1
1216,glass33,1
1217,glass200,1
1218,glass221,1
1219,glass143,1
1220,glass197,1
1221,glass74,1
1222,glass248,1
1223,glass210,1
1224,glass18,1
1225,glass187,1
1226,glass443,1
1227,glass56,1
1228,glass447,1
1229,glass454,1
1230,glass465,1
1231,glass482,1
1232,glass102,1
1233,glass408,1
1234,glass449,1
1235,glass346,1
1236,glass138,1
1237,glass223,1
1238,glass333,1
1239,glass165,1
1240,glass368,1
1241,glass97,1
1242,glass350,1
1243,glass298,1
1244,glass501,1
1245,glass142,1
1246,glass141,1
1247,glass59,1
1248,glass245,1
1249,glass450,1
1250,glass268,1
1251,glass253,1
1252,glass25,1
1253,glass134,1
1254,glass306,1
1255,glass46,1
1256,glass224,1
1257,glass149,1
1258,glass166,1
1259,glass415,1
1260,glass344,1
1261,glass72,1
1262,glass322,1
1263,glass20,1
1264,glass315,1
1265,glass13,1
1266,glass82,1
1267,glass277,1
1268,glass34,1
1269,glass78,1
1270,glass48,1
1271,glass287,1
1272,glass145,1
1273,glass392,1
1274,glass183,1
1275,glass2,1
1276,glass294,1
1277,glass407,1
1278,glass116,1
1279,glass99,1
1280,glass30,1
1281,glass108,1
1282,glass442,1
1283,glass439,1
1284,glass279,1
1285,glass127,1
1286,glass274,1
1287,glass12,1
1288,glass177,1
1289,glass247,1
1290,glass27,1
1291,glass313,1
1292,glass423,1
1293,glass69,1
1294,glass176,1
1295,glass358,1
1296,glass157,1
1297,glass491,1
1298,glass292,1
1299,glass228,1
1300,glass422,1
1301,glass24,1
1302,glass387,1
1303,glass107,1
1304,glass39,1
1305,glass371,1
1306,glass16,1
1307,glass206,1
1308,glass314,1
1309,glass421,1
1310,glass7,1
1311,glass262,1
1312,glass109,1
1313,glass326,1
1314,glass396,1
1315,glass380,1
1316,glass229,1
1317,glass426,1
1318,glass191,1
1319,glass255,1
1320,glass303,1
1321,glass128,1
1322,glass151,1
1323,glass462,1
1324,glass70,1
1325,glass376,1
1326,glass38,1
1327,glass196,1
1328,glass319,1
1329,glass85,1
1330,glass259,1
1331,glass67,1
1332,glass339,1
1333,glass416,1
1334,glass275,1
1335,glass105,1
1336,glass49,1
1337,glass335,1
1338,glass347,1
1339,glass290,1
1340,glass93,1
1341,glass182,1
1342,glass281,1
1343,glass91,1
1344,glass363,1
1345,glass494,1
1346,glass146,1
1347,glass17,1
1348,glass161,1
1349,glass495,1
1350,glass310,1
1351,glass488,1
1352,glass178,1
1353,glass110,1
1354,glass284,1
1355,glass258,1
1356,glass282,1
1357,glass436,1
1358,glass481,1
1359,glass280,1
1360,glass244,1
1361,glass96,1
1362,glass418,1
1363,glass424,1
1364,glass88,1
1365,glass478,1
1366,glass402,1
1367,glass321,1
1368,glass405,1
1369,glass352,1
1370,glass84,1
1371,glass459,1
1372,glass291,1
1373,glass87,1
1374,glass429,1
1375,glass323,1
1376,glass468,1
1377,glass271,1
1378,glass125,1
1379,glass23,1
1380,glass208,1
1381,glass301,1
1382,glass174,1
1383,glass129,1
1384,glass417,1
1385,glass181,1
1386,glass54,1
1387,glass353,1
1388,glass336,1
1389,glass115,1
1390,glass372,1
1391,glass63,1
1392,glass257,1
1393,glass124,1
1394,glass225,1
1395,glass427,1
1396,glass334,1
1397,glass11,1
1398,glass480,1
1399,glass155,1
1400,glass236,1
1401,glass175,1
1402,glass212,1
1403,glass123,1
1404,glass205,1
1405,glass318,1
1406,glass231,1
1407,glass104,1
1408,glass76,1
1409,glass269,1
1410,glass184,1
1411,glass435,1
1412,glass47,1
1413,glass381,1
1414,glass5,1
1415,glass308,1
1416,glass475,1
1417,glass222,1
1418,glass348,1
1419,glass484,1
1420,glass61,1
1421,glass492,1
1422,glass267,1
1423,glass158,1
1424,glass278,1
1425,glass288,1
1426,glass118,1
1427,glass111,1
1428,glass193,1
1429,glass331,1
1430,glass466,1
1431,glass403,1
1432,glass374,1
1433,glass354,1
1434,glass92,1
1435,glass340,1
1436,glass153,1
1437,glass398,1
1438,glass201,1
1439,glass163,1
1440,glass83,1
1441,glass399,1
1442,glass296,1
1443,glass81,1
1444,glass496,1
1445,glass285,1
1446,glass430,1
1447,glass404,1
1448,glass324,1
1449,glass479,1
1450,glass237,1
1451,glass215,1
1452,glass286,1
1453,glass272,1
1454,glass273,1
1455,glass209,1
1456,glass230,1
1457,glass471,1
1458,glass300,1
1459,glass302,1
1460,glass299,1
1461,glass364,1
1462,glass86,1
1463,glass152,1
1464,glass327,1
1465,glass250,1
1466,glass89,1
1467,glass1,1
1468,glass438,1
1469,glass131,1
1470,glass31,1
1471,glass252,1
1472,glass226,1
1473,glass295,1
1474,glass470,1
1475,glass22,1
1476,glass189,1
1477,glass188,1
1478,glass411,1
1479,glass497,1
1480,glass453,1
1481,glass136,1
1482,glass235,1
1483,glass106,1
1484,glass317,1
1485,glass467,1
1486,glass55,1
1487,glass316,1
1488,glass393,1
1489,glass441,1
1490,glass330,1
1491,glass360,1
1492,glass412,1
1493,glass51,1
1494,glass213,1
1495,glass204,1
1496,glass168,1
1497,glass251,1
1498,glass173,1
1499,glass167,1
1500,glass185,1
1501,glass35,1
1502,glass425,1
1503,glass370,1
1504,glass420,1
1505,glass406,1
1506,glass388,1
1507,glass474,1
1508,glass382,1
1509,glass493,1
1510,glass383,1
1511,glass62,1
1512,glass499,1
1513,glass456,1
1514,glass100,1
1515,glass3,1
1516,glass37,1
1517,glass500,1
1518,glass122,1
1519,glass240,1
1520,glass410,1
1521,glass172,1
1522,glass156,1
1523,glass80,1
1524,glass90,1
1525,glass464,1
1526,glass446,1
1527,glass289,1
1528,glass44,1
1529,glass414,1
1530,glass276,1
1531,glass390,1
1532,glass159,1
1533,glass121,1
1534,glass385,1
1535,glass434,1
1536,glass203,1
1537,glass448,1
1538,glass325,1
1539,glass431,1
1540,glass342,1
1541,glass101,1
1542,glass73,1
1543,glass52,1
1544,glass41,1
1545,glass214,1
1546,glass357,1
1547,glass452,1
1548,glass373,1
1549,glass486,1
1550,glass476,1
1551,glass170,1
1552,glass477,1
1553,glass77,1
1554,glass311,1
1555,glass483,1
1556,glass50,1
1557,glass460,1
1558,glass400,1
1559,glass36,1
1560,glass349,1
1561,glass42,1
1562,glass351,1
1563,glass218,1
1564,glass9,1
1565,glass79,1
1566,glass233,1
1567,glass211,1
1568,glass148,1
1569,glass391,1
1570,glass119,1
1571,glass160,1
1572,glass21,1
1573,glass216,1
1574,15. styrofoam-blocks-4x4x2-white-36-pieces-2lb-3,0
1575,49. styrofoam-box-stickers-ml-v1-us,0
1576,2. s-l300,0
1577,20. styrofoam_1,0
1578,46. styrofoam_to_go_box_closed_thumbnail_square0000,0
1579,45. 16087009,0
1580,3. eps-eifs-styrofoam-board-sheets,0
1581,41. ce-cupstyr__05229.1503517930.500.750,0
1582,40. styrofoam,0
1583,6. styrofoam-spreading-board,0
1584,17. shutterstock_387022537-600x400,0
1585,1. 81v5kq8lvkl._sl1500_,0
1586,29. s-l300,0
1587,12. s-l300,0
1588,32. styrofoam-lunch-box,0
1589,5. styrofoam_insulation,0
1590,39. 81ph5ygzhzl._sl1500_,0
1591,35. castle_8_grande,0
1592,7. are-styrofoam-containers-recyclable,0
1593,25. set-white-styrofoam-box-isolated-260nw-497375239,0
1594,28. whole-sale-styrofoam-molding-boards-kt-board,0
1595,24. 31fjdnqgpsl,0
1596,11. styrofoam-640x640-600x600,0
1597,18. cutting_styrofoam_l2,0
1598,42. 90ufcbw-2,0
1599,31. image,0
1600,36. takeout-container-styrofoam-at-surdel-party-rentals,0
1601,47. s-l640,0
1602,33. 1-pcs-160mm-modelling-polystyrene-styrofoam-foam-bear-white-craft-balls-for-diy-christmas-party-decoration,0
1603,30. b_prodotti-76550-rel547ecdbe2d374bb891ff6bd1041be462,0
1604,22. 7_styrofoam_ball,0
1605,34. img_7389_0e306cb9-50f7-44d4-8a88-315ed681af8b_1024x1024,0
1606,26. guide-plastic-styrofoam,0
1607,14. foam,0
1608,13. 1097641,0
1609,43. il_570xn.1309521861_3mok,0
1610,21. styrofoam-cups-background-260nw-791604295,0
1611,9. sldlwksdog,0
1612,23. polystyrenepacking,0
1613,19. styrofoam,0
1614,37. generic-polystyrene,0
1615,38. img_1514_-_poly_bells.1522857197,0
1616,29. 2018_nyr_14850_0513_000(a_very_rare_and_important_painted_cizhou_fish_truncated_meiping_northe),0
1617,42. 00-3d-potter-largest-printer-contemporary-ceramic-manufacturing-cfile,0
1618,32. pure-white-ceramic-vases-c,0
1619,18. 220px-spherical_hanging_ornament%2c_1575-1585,0
1620,9. 51upqlxxosl._sx466_,0
1621,41. michelle_maher_sgraffito1-495x400,0
1622,37. 10107972_for_fox_sake_ceramic_mug_multi_main,0
1623,31. adamfrew5-800x450,0
1624,3. ceramic_6,0
1625,1. 1200px-blue_and_white_vase_jingdezhen_ming_yongle_1403_1424,0
1626,45. jyotsna-bhatt-ceramics1-1024x576,0
1627,20. traditional-ceramics20161020-31486-8lanq3,0
1628,40. ceramic-pots-660x400,0
1629,26. i02,0
1630,15. ronit-baranga18-_07,0
1631,36. ember_ceramicmug_black_on_wood_760x,0
1632,8. ,0
1633,39. 112060_ab3549892abd49a6_b,0
1634,12. birds,0
1635,21. ceramic-pottery-jar-by-eric-slater-for-shelley-1930s,0
1636,10. ceramics-market,0
1637,28. ceramic-yangshao-pots-pd_0,0
1638,49. 1c15f92abb0d88765d456984694a58a2?accesskeyid=24a14c833145908d6636&disposition=0&alloworigin=1,0
1639,34. 61zq4rsfx3l._sx466_,0
1640,47. etruscan_amphora_louvre_e703_side_b,0
1641,19. pearl_jugs_small,0
1642,44. tcg-rosemary-mint-ceramic-candle-2_1024x1024,0
1643,24. saa_ceramicssale_robertboyer,0
1644,25. pure-white-ceramic-planters-c,0
1645,11. il_340x270.1342563233_4ydi,0
1646,5. open-uri20180103-45-rokc8j?1514952497,0
1647,17. 00-6,0
1648,38. ceramic_vase_l,0
1649,30. ceramic+leaf+plates,0
1650,33. cherry-blossom-on-blue-shallow-japanese-ceramic-bowls-set-for-six-11,0
1651,13. hero_ceramics_1024x1024,0
1652,14. 718muw1iejl._sy606_,0
1653,48. simply-ming-elite-hammered-ceramic-nonstick-12-grill-pa-d-2018022316154801~580991_l8w,0
1654,35. marin-jansen-ceramic-sand-cer196-2-600x400,0
1655,43. 100-583c76d1049b7__880,0
1656,22. 817qztdtqal._sx425_,0
1657,27. winter-lane-set-of-2-lighted-musical-ceramic-christmas--d-20180712154646183~604226,0
1658,4. blue-three-hands-vases-46018-64_1000,0
1659,46. ceramic-mug-set,0
1660,23. handmade-creative-ceramic-blue-flow-glaze-mug-round-irregular-porcelain-cups-white-brown-coffee-milk-mugs,0
1661,paper477,1
1662,paper76,1
1663,paper254,1
1664,paper44,1
1665,paper256,1
1666,paper445,1
1667,paper411,1
1668,paper505,1
1669,paper543,1
1670,paper169,1
1671,paper142,1
1672,paper314,1
1673,paper73,1
1674,paper31,1
1675,paper293,1
1676,paper519,1
1677,paper421,1
1678,paper409,1
1679,paper489,1
1680,paper305,1
1681,paper443,1
1682,paper215,1
1683,paper341,1
1684,paper5,1
1685,paper554,1
1686,paper529,1
1687,paper325,1
1688,paper537,1
1689,paper250,1
1690,paper349,1
1691,paper140,1
1692,paper531,1
1693,paper298,1
1694,paper193,1
1695,paper58,1
1696,paper200,1
1697,paper361,1
1698,paper56,1
1699,paper436,1
1700,paper515,1
1701,paper226,1
1702,paper32,1
1703,paper291,1
1704,paper167,1
1705,paper102,1
1706,paper312,1
1707,paper482,1
1708,paper392,1
1709,paper126,1
1710,paper212,1
1711,paper177,1
1712,paper61,1
1713,paper405,1
1714,paper96,1
1715,paper348,1
1716,paper326,1
1717,paper567,1
1718,paper521,1
1719,paper296,1
1720,paper98,1
1721,paper412,1
1722,paper419,1
1723,paper451,1
1724,paper109,1
1725,paper219,1
1726,paper35,1
1727,paper456,1
1728,paper173,1
1729,paper103,1
1730,paper499,1
1731,paper396,1
1732,paper70,1
1733,paper347,1
1734,paper271,1
1735,paper374,1
1736,paper389,1
1737,paper466,1
1738,paper286,1
1739,paper337,1
1740,paper148,1
1741,paper513,1
1742,paper550,1
1743,paper424,1
1744,paper15,1
1745,paper458,1
1746,paper105,1
1747,paper158,1
1748,paper486,1
1749,paper365,1
1750,paper264,1
1751,paper188,1
1752,paper571,1
1753,paper422,1
1754,paper104,1
1755,paper132,1
1756,paper564,1
1757,paper476,1
1758,paper462,1
1759,paper378,1
1760,paper538,1
1761,paper556,1
1762,paper178,1
1763,paper321,1
1764,paper359,1
1765,paper146,1
1766,paper170,1
1767,paper270,1
1768,paper587,1
1769,paper376,1
1770,paper274,1
1771,paper512,1
1772,paper38,1
1773,paper590,1
1774,paper100,1
1775,paper51,1
1776,paper161,1
1777,paper431,1
1778,paper26,1
1779,paper525,1
1780,paper390,1
1781,paper208,1
1782,paper236,1
1783,paper259,1
1784,paper488,1
1785,paper231,1
1786,paper380,1
1787,paper263,1
1788,paper33,1
1789,paper227,1
1790,paper182,1
1791,paper68,1
1792,paper230,1
1793,paper470,1
1794,paper62,1
1795,paper302,1
1796,paper357,1
1797,paper573,1
1798,paper492,1
1799,paper352,1
1800,paper351,1
1801,paper574,1
1802,paper338,1
1803,paper592,1
1804,paper242,1
1805,paper472,1
1806,paper471,1
1807,paper20,1
1808,paper141,1
1809,paper120,1
1810,paper594,1
1811,paper49,1
1812,paper249,1
1813,paper523,1
1814,paper528,1
1815,paper398,1
1816,paper566,1
1817,paper384,1
1818,paper474,1
1819,paper111,1
1820,paper545,1
1821,paper4,1
1822,paper427,1
1823,paper448,1
1824,paper130,1
1825,paper300,1
1826,paper522,1
1827,paper179,1
1828,paper339,1
1829,paper283,1
1830,paper580,1
1831,paper386,1
1832,paper568,1
1833,paper131,1
1834,paper198,1
1835,paper63,1
1836,paper12,1
1837,paper245,1
1838,paper94,1
1839,paper530,1
1840,paper497,1
1841,paper463,1
1842,paper316,1
1843,paper452,1
1844,paper502,1
1845,paper460,1
1846,paper14,1
1847,paper284,1
1848,paper433,1
1849,paper355,1
1850,paper117,1
1851,paper216,1
1852,paper292,1
1853,paper225,1
1854,paper527,1
1855,paper154,1
1856,paper113,1
1857,paper403,1
1858,paper197,1
1859,paper143,1
1860,paper162,1
1861,paper450,1
1862,paper25,1
1863,paper183,1
1864,paper495,1
1865,paper553,1
1866,paper277,1
1867,paper221,1
1868,paper407,1
1869,paper114,1
1870,paper557,1
1871,paper184,1
1872,paper534,1
1873,paper22,1
1874,paper172,1
1875,paper6,1
1876,paper174,1
1877,paper252,1
1878,paper555,1
1879,paper27,1
1880,paper13,1
1881,paper285,1
1882,paper150,1
1883,paper313,1
1884,paper248,1
1885,paper81,1
1886,paper163,1
1887,paper45,1
1888,paper493,1
1889,paper533,1
1890,paper18,1
1891,paper494,1
1892,paper375,1
1893,paper508,1
1894,paper269,1
1895,paper210,1
1896,paper548,1
1897,paper544,1
1898,paper520,1
1899,paper222,1
1900,paper17,1
1901,paper311,1
1902,paper358,1
1903,paper319,1
1904,paper23,1
1905,paper438,1
1906,paper391,1
1907,paper55,1
1908,paper526,1
1909,paper52,1
1910,paper309,1
1911,paper238,1
1912,paper59,1
1913,paper91,1
1914,paper333,1
1915,paper563,1
1916,paper247,1
1917,paper516,1
1918,paper83,1
1919,paper195,1
1920,paper435,1
1921,paper485,1
1922,paper506,1
1923,paper501,1
1924,paper541,1
1925,paper87,1
1926,paper53,1
1927,paper318,1
1928,paper483,1
1929,paper67,1
1930,paper199,1
1931,paper176,1
1932,paper287,1
1933,paper116,1
1934,paper152,1
1935,paper360,1
1936,paper145,1
1937,paper551,1
1938,paper372,1
1939,paper469,1
1940,paper92,1
1941,paper327,1
1942,paper383,1
1943,paper350,1
1944,paper101,1
1945,paper487,1
1946,paper2,1
1947,paper308,1
1948,paper273,1
1949,paper246,1
1950,paper209,1
1951,paper149,1
1952,paper418,1
1953,paper218,1
1954,paper57,1
1955,paper414,1
1956,paper461,1
1957,paper237,1
1958,paper368,1
1959,paper93,1
1960,paper191,1
1961,paper455,1
1962,paper50,1
1963,paper280,1
1964,paper290,1
1965,paper459,1
1966,paper441,1
1967,paper275,1
1968,paper394,1
1969,paper437,1
1970,paper278,1
1971,paper498,1
1972,paper406,1
1973,paper420,1
1974,paper9,1
1975,paper10,1
1976,paper60,1
1977,paper144,1
1978,paper320,1
1979,paper30,1
1980,paper48,1
1981,paper475,1
1982,paper232,1
1983,paper539,1
1984,paper535,1
1985,paper306,1
1986,paper69,1
1987,paper46,1
1988,paper84,1
1989,paper107,1
1990,paper187,1
1991,paper454,1
1992,paper272,1
1993,paper268,1
1994,paper584,1
1995,paper446,1
1996,paper393,1
1997,paper491,1
1998,paper164,1
1999,paper201,1
2000,paper524,1
2001,paper387,1
2002,paper577,1
2003,paper255,1
2004,paper160,1
2005,paper582,1
2006,paper354,1
2007,paper377,1
2008,paper572,1
2009,paper297,1
2010,paper80,1
2011,paper366,1
2012,paper504,1
2013,paper213,1
2014,paper122,1
2015,paper570,1
2016,paper581,1
2017,paper258,1
2018,paper207,1
2019,paper464,1
2020,paper381,1
2021,paper591,1
2022,paper261,1
2023,paper509,1
2024,paper214,1
2025,paper307,1
2026,paper265,1
2027,paper330,1
2028,paper542,1
2029,paper432,1
2030,paper64,1
2031,paper37,1
2032,paper417,1
2033,paper194,1
2034,paper186,1
2035,paper401,1
2036,paper3,1
2037,paper66,1
2038,paper546,1
2039,paper88,1
2040,paper560,1
2041,paper434,1
2042,paper586,1
2043,paper576,1
2044,paper453,1
2045,paper166,1
2046,paper342,1
2047,paper127,1
2048,paper276,1
2049,paper123,1
2050,paper41,1
2051,paper444,1
2052,paper532,1
2053,paper125,1
2054,paper344,1
2055,paper413,1
2056,paper128,1
2057,paper224,1
2058,paper1,1
2059,paper578,1
2060,paper262,1
2061,paper95,1
2062,paper549,1
2063,paper510,1
2064,paper552,1
2065,paper540,1
2066,paper206,1
2067,paper211,1
2068,paper336,1
2069,paper322,1
2070,paper343,1
2071,paper429,1
2072,paper220,1
2073,paper426,1
2074,paper110,1
2075,paper473,1
2076,paper329,1
2077,paper228,1
2078,paper369,1
2079,paper334,1
2080,paper205,1
2081,paper217,1
2082,paper19,1
2083,paper373,1
2084,paper496,1
2085,paper503,1
2086,paper518,1
2087,paper267,1
2088,paper135,1
2089,paper134,1
2090,paper97,1
2091,paper85,1
2092,paper21,1
2093,paper428,1
2094,paper151,1
2095,paper281,1
2096,paper561,1
2097,paper430,1
2098,paper303,1
2099,paper233,1
2100,paper410,1
2101,paper189,1
2102,paper299,1
2103,paper382,1
2104,paper86,1
2105,paper235,1
2106,paper363,1
2107,paper36,1
2108,paper362,1
2109,paper156,1
2110,paper279,1
2111,paper514,1
2112,paper579,1
2113,paper371,1
2114,paper159,1
2115,paper558,1
2116,paper34,1
2117,paper89,1
2118,paper304,1
2119,paper165,1
2120,paper7,1
2121,paper71,1
2122,paper202,1
2123,paper425,1
2124,paper29,1
2125,paper65,1
2126,paper457,1
2127,paper229,1
2128,paper234,1
2129,paper588,1
2130,paper583,1
2131,paper402,1
2132,paper24,1
2133,paper559,1
2134,paper243,1
2135,paper115,1
2136,paper346,1
2137,paper449,1
2138,paper223,1
2139,paper99,1
2140,paper301,1
2141,paper79,1
2142,paper266,1
2143,paper315,1
2144,paper74,1
2145,paper196,1
2146,paper171,1
2147,paper356,1
2148,paper11,1
2149,paper16,1
2150,paper447,1
2151,paper155,1
2152,paper133,1
2153,paper480,1
2154,paper395,1
2155,paper282,1
2156,paper153,1
2157,paper294,1
2158,paper593,1
2159,paper139,1
2160,paper408,1
2161,paper8,1
2162,paper323,1
2163,paper190,1
2164,paper168,1
2165,paper565,1
2166,paper121,1
2167,paper332,1
2168,paper75,1
2169,paper385,1
2170,paper295,1
2171,paper478,1
2172,paper203,1
2173,paper118,1
2174,paper517,1
2175,paper39,1
2176,paper364,1
2177,paper28,1
2178,paper108,1
2179,paper241,1
2180,paper310,1
2181,paper399,1
2182,paper335,1
2183,paper260,1
2184,paper119,1
2185,paper72,1
2186,paper367,1
2187,paper40,1
2188,paper440,1
2189,paper562,1
2190,paper138,1
2191,paper157,1
2192,paper175,1
2193,paper397,1
2194,paper353,1
2195,paper511,1
2196,paper317,1
2197,paper416,1
2198,paper42,1
2199,paper423,1
2200,paper239,1
2201,paper181,1
2202,paper465,1
2203,paper54,1
2204,paper137,1
2205,paper78,1
2206,paper124,1
2207,paper331,1
2208,paper585,1
2209,paper253,1
2210,paper379,1
2211,paper180,1
2212,paper500,1
2213,paper129,1
2214,paper240,1
2215,paper204,1
2216,paper251,1
2217,paper547,1
2218,paper370,1
2219,paper192,1
2220,paper467,1
2221,paper468,1
2222,paper43,1
2223,paper345,1
2224,paper479,1
2225,paper324,1
2226,paper136,1
2227,paper106,1
2228,paper244,1
2229,paper47,1
2230,paper340,1
2231,paper575,1
2232,paper439,1
2233,paper442,1
2234,paper289,1
2235,paper536,1
2236,paper404,1
2237,paper507,1
2238,paper388,1
2239,paper288,1
2240,paper328,1
2241,paper90,1
2242,paper185,1
2243,paper490,1
2244,paper589,1
2245,paper147,1
2246,paper569,1
2247,paper77,1
2248,paper481,1
2249,paper257,1
2250,paper82,1
2251,paper415,1
2252,paper112,1
2253,paper484,1
2254,paper400,1
2255,50. pizza-boxes,0
2256,15. kraftbox,0
2257,16. cupsdirect-online-shop-brown-pizza-boxes-group_04265412-162b-4545-b23d-de075a4dc685_1024x1024,0
2258,19. pizzabox,0
2259,12. ht1ewfmfkxdxxagofbxw,0
2260,49. pizza-boxes-009011260-product_zoom,0
2261,17. push-for-pizza-hed-2016,0
2262,47. sony-dsc-33-720x720,0
2263,7. s-l640,0
2264,43. empty-pizza-box-istock,0
2265,18. pizza-boxes-stock-today-150501-tz_892a9bac24ec09644ce4dbc2e08b512f,0
2266,20. dsc_0962,0
2267,41. 10inch-round-pizza-box-pizza-box-for,0
2268,25. pizza-boxes,0
2269,44. packaging-pizza-boxes,0
2270,5. pizza-boxes-500x500,0
2271,27. 186976,0
2272,23. s-17593,0
2273,13. pizza-boxes-wm_large,0
2274,4. pizza-boxes-vector-33427,0
2275,24. 06-pizza-boxes.w710.h473.2x,0
2276,"31. 5a9d73db8143ca3fab001dea?ops=max(750,0),quality(80)",0
2277,36. not-recyclable-pizza-box-1,0
2278,42. pizza-box-recycling-940x540,0
2279,26. custom-pizza-boxes-wholesale-cheap-black-pizza-box-wholesale-custom-printed-cardboard-recycle-paper-pizza-box,0
2280,37. pizza-boxes-16-100-per-pack,0
2281,22. 267192,0
2282,35. corrugated-print_pattern_2,0
2283,6. 81wvig8jpyl._sl1500_,0
2284,30. pizzaboxes_md,0
2285,2. pizza-boxes,0
2286,45. b19bb5004170fa079061028c3c34aae4_e25cb1d3-58a9-496d-a78c-0cd496518e29_800x,0
2287,32. 1224851686385-1440477982,0
2288,10. esarv9124314_19a878f9-8d91-4f1b-a7d9-8838aa5e60f5,0
2289,11. 364293,0
2290,8. 8114549,0
2291,34. 820,0
2292,28. 41h0mnyvxvl._sx342_,0
2293,38. 9-inches-disposable-kraft-paper-pizza-box,0
2294,46. pizza_box_group_c1a2b400-e0b0-48c4-8ad0-38668714796c_1024x1024,0
2295,14. 41y%2blppjhdl._sx342_,0
2296,3. take-1-yv121108368363_kraft_web,0
2297,22. maxresdefault,0
2298,48. illegalwastefood_feature,0
2299,4. food-waste-header,0
2300,40. 220px-not_avoidable_food_waste,0
2301,17. stop%20the%20food%20waste%20confusion_0,0
2302,34. food-waste,0
2303,14. we-are-working-towards-behaviour-change-how-leanpath-is-using-data-to-fight-food-waste_wrbm_large,0
2304,44. getty_547150468_204031,0
2305,50. reducefoodwaste_header,0
2306,45. istock_000029680194_small,0
2307,13. 5ada12ba19ee861d008b4610-750-500,0
2308,41. food-wastesharp-1-374x250,0
2309,33. waste-food-being-collected-for-recycling-at-a-restaurant-in-birmingham-dc94tf,0
2310,32. foodwaste-blog,0
2311,6. gettyimages-186677454-575c53a4948736d3c13bb2d907644034498c0279-s800-c85,0
2312,49. la-1527880042-853zsz9cfw-snap-image,0
2313,21. 42.4_kg_of_food_found_in_new_zealand_household_rubbish_bins,0
2314,26. msizgbaacpvxrmi-800x450-nopad,0
2315,38. restaurant-waste-800,0
2316,16. depositphotos_151381236_l-2015,0
2317,19. food-waste-an-economic-and-environmental-problem,0
2318,30. sgt-l-foodwaste01-0214-1,0
2319,18. 24a,0
2320,24. mv5bzdq2n2uznzatzwnjnc00njzhltlkmdetzthhmzy3zge0nty2xkeyxkfqcgdeqxvymti4mjiwmjq@._v1_,0
2321,36. large_tveskdbnietkwcya1q2syxnbry2hr_gotjwhxxmgkzs,0
2322,15. food-waste-targets-must-be-set-by-government_wrbm_large,0
2323,12. food-waste,0
2324,9. 636272823979618911-gettyimages-500358738,0
2325,43. mit-food-scraps_0,0
2326,35. image_xlarge,0
2327,46. food-waste,0
2328,7. 130110food,0
2329,2. ahr0cdovl3d3dy5saxzlc2npzw5jzs5jb20vaw1hz2vzl2kvmdawlza5os80mtgvb3jpz2luywwvzm9vzc13yxn0zs5qcgc=,0
2330,23. waste,0
2331,3. food%20waste,0
2332,10. reducing%20food%20waste%20header_1,0
2333,39. 57c24e371700003600c75f00,0
2334,47. 192254-425x313-no-waste,0
2335,20. bin-full-of-food-waste-compressed,0
2336,28. food-waste-620x334,0
2337,29. 29901534001_5450105773001_5450088007001-vs,0
2338,11. food-waste-bin,0
2339,37. food-waste,0
2340,1. food-waste-uk-data-main1b,0
2341,27. vegetables-foodwaste,0
2342,43. 63721,0
2343,27. 4,0
2344,34. i55693_alu-metall-mosaik-schwarz-silber-ht16-01,0
2345,29. double-leaf-casement-aluminium-windows,0
2346,17. aluminium-3-1024x640,0
2347,42. aluminium-skirting-board-aluminium-wall-skirting-aluminium,0
2348,28. aluminium,0
2349,15. shutterstock_362793305-730x430,0
2350,50. cleaning_aluminium,0
2351,22. jag_xe_monocoque_biw_image_040314_03_3_popup,0
2352,26. investieren-in-aluminium,0
2353,31. foil_2_770,0
2354,20. aluminium,0
2355,49. aluminium-52sa12x2x@goldsilverreports-gsr,0
2356,18. reinier-bosch-aluminium-pond-by-priveekollektie-04,0
2357,48. trias-material-parallax,0
2358,3. aluminium-sheet,0
2359,2. aluminium,0
2360,35. prima-brushed-aluminium-metal,0
2361,40. aluminium-carbon-handlebars-resized-630x420,0
2362,12. aluminium,0
2363,6. alumnium-730x430,0
2364,13. aluminium-pipes-500x500,0
2365,38. aluminium-section-in-chennai,0
2366,46. aluminium,0
2367,5. shutterstock_124714096-1,0
2368,36. aluminium-office-door-500x500,0
2369,24. aluminium-alloy-affordable-hydrogen-storage_111,0
2370,32. 220px-tovarna_glinice_in_aluminija_kidri%c4%8devo_-_kupi_aluminija_1968,0
2371,11. s-l1000,0
2372,33. steel_tube_1,0
2373,7. aluminium_beverage_can_recycling_reaches_74pct_11728,0
2374,16. aluminiumshatehydro1200x700,0
2375,37. automotive,0
2376,44. ruukki-aluminium-bluezink-brushed.tmb-768v,0
2377,45. header-aluminium-and-steel-cans,0
2378,41. aluminium-sheets-500x500,0
2379,14. trends-and-properties-of-boron-and-aluminium,0
2380,19. extrusion-manufacturing,0
2381,23. about-img2,0
2382,10. aluminium,0
2383,25. untitled-2,0
2384,4. 135471_shutterstock_367753157,0
2385,1. 220px-aluminium-4,0
2386,47. 41vq7xmznsl._sx425_,0
2387,9. aluminium-channels-500x500,0
2388,30. cmb-ad35005-anc-10-male-aluminium-weld-on-tank-fitting-skew1,0
2389,cardboard193,1
2390,cardboard23,1
2391,cardboard269,1
2392,cardboard304,1
2393,cardboard397,1
2394,cardboard157,1
2395,cardboard90,1
2396,cardboard310,1
2397,cardboard110,1
2398,cardboard373,1
2399,cardboard260,1
2400,cardboard150,1
2401,cardboard175,1
2402,cardboard132,1
2403,cardboard300,1
2404,cardboard143,1
2405,cardboard312,1
2406,cardboard374,1
2407,cardboard195,1
2408,cardboard57,1
2409,cardboard167,1
2410,cardboard384,1
2411,cardboard119,1
2412,cardboard326,1
2413,cardboard129,1
2414,cardboard95,1
2415,cardboard104,1
2416,cardboard355,1
2417,cardboard364,1
2418,cardboard263,1
2419,cardboard301,1
2420,cardboard235,1
2421,cardboard253,1
2422,cardboard285,1
2423,cardboard333,1
2424,cardboard227,1
2425,cardboard170,1
2426,cardboard390,1
2427,cardboard220,1
2428,cardboard37,1
2429,cardboard297,1
2430,cardboard330,1
2431,cardboard52,1
2432,cardboard276,1
2433,cardboard181,1
2434,cardboard162,1
2435,cardboard41,1
2436,cardboard126,1
2437,cardboard134,1
2438,cardboard332,1
2439,cardboard164,1
2440,cardboard189,1
2441,cardboard121,1
2442,cardboard321,1
2443,cardboard277,1
2444,cardboard293,1
2445,cardboard233,1
2446,cardboard291,1
2447,cardboard284,1
2448,cardboard229,1
2449,cardboard298,1
2450,cardboard2,1
2451,cardboard395,1
2452,cardboard335,1
2453,cardboard8,1
2454,cardboard353,1
2455,cardboard216,1
2456,cardboard246,1
2457,cardboard308,1
2458,cardboard392,1
2459,cardboard296,1
2460,cardboard179,1
2461,cardboard212,1
2462,cardboard98,1
2463,cardboard376,1
2464,cardboard180,1
2465,cardboard107,1
2466,cardboard17,1
2467,cardboard311,1
2468,cardboard74,1
2469,cardboard357,1
2470,cardboard192,1
2471,cardboard289,1
2472,cardboard268,1
2473,cardboard70,1
2474,cardboard69,1
2475,cardboard79,1
2476,cardboard313,1
2477,cardboard206,1
2478,cardboard371,1
2479,cardboard131,1
2480,cardboard381,1
2481,cardboard29,1
2482,cardboard190,1
2483,cardboard172,1
2484,cardboard244,1
2485,cardboard191,1
2486,cardboard21,1
2487,cardboard292,1
2488,cardboard120,1
2489,cardboard363,1
2490,cardboard294,1
2491,cardboard345,1
2492,cardboard369,1
2493,cardboard210,1
2494,cardboard228,1
2495,cardboard15,1
2496,cardboard248,1
2497,cardboard46,1
2498,cardboard237,1
2499,cardboard13,1
2500,cardboard218,1
2501,cardboard272,1
2502,cardboard270,1
2503,cardboard130,1
2504,cardboard117,1
2505,cardboard362,1
2506,cardboard197,1
2507,cardboard106,1
2508,cardboard56,1
2509,cardboard108,1
2510,cardboard250,1
2511,cardboard73,1
2512,cardboard45,1
2513,cardboard35,1
2514,cardboard391,1
2515,cardboard383,1
2516,cardboard360,1
2517,cardboard39,1
2518,cardboard211,1
2519,cardboard49,1
2520,cardboard62,1
2521,cardboard112,1
2522,cardboard239,1
2523,cardboard28,1
2524,cardboard396,1
2525,cardboard114,1
2526,cardboard350,1
2527,cardboard338,1
2528,cardboard81,1
2529,cardboard208,1
2530,cardboard336,1
2531,cardboard283,1
2532,cardboard26,1
2533,cardboard240,1
2534,cardboard77,1
2535,cardboard401,1
2536,cardboard136,1
2537,cardboard281,1
2538,cardboard27,1
2539,cardboard173,1
2540,cardboard7,1
2541,cardboard325,1
2542,cardboard133,1
2543,cardboard151,1
2544,cardboard267,1
2545,cardboard266,1
2546,cardboard22,1
2547,cardboard288,1
2548,cardboard372,1
2549,cardboard400,1
2550,cardboard30,1
2551,cardboard370,1
2552,cardboard385,1
2553,cardboard306,1
2554,cardboard290,1
2555,cardboard232,1
2556,cardboard320,1
2557,cardboard14,1
2558,cardboard257,1
2559,cardboard20,1
2560,cardboard155,1
2561,cardboard24,1
2562,cardboard316,1
2563,cardboard264,1
2564,cardboard33,1
2565,cardboard177,1
2566,cardboard329,1
2567,cardboard236,1
2568,cardboard178,1
2569,cardboard245,1
2570,cardboard44,1
2571,cardboard358,1
2572,cardboard142,1
2573,cardboard275,1
2574,cardboard324,1
2575,cardboard352,1
2576,cardboard259,1
2577,cardboard238,1
2578,cardboard322,1
2579,cardboard10,1
2580,cardboard389,1
2581,cardboard102,1
2582,cardboard6,1
2583,cardboard88,1
2584,cardboard213,1
2585,cardboard103,1
2586,cardboard188,1
2587,cardboard76,1
2588,cardboard258,1
2589,cardboard25,1
2590,cardboard85,1
2591,cardboard11,1
2592,cardboard125,1
2593,cardboard200,1
2594,cardboard223,1
2595,cardboard87,1
2596,cardboard349,1
2597,cardboard198,1
2598,cardboard159,1
2599,cardboard219,1
2600,cardboard226,1
2601,cardboard128,1
2602,cardboard388,1
2603,cardboard83,1
2604,cardboard282,1
2605,cardboard403,1
2606,cardboard252,1
2607,cardboard262,1
2608,cardboard58,1
2609,cardboard149,1
2610,cardboard144,1
2611,cardboard59,1
2612,cardboard303,1
2613,cardboard154,1
2614,cardboard40,1
2615,cardboard118,1
2616,cardboard105,1
2617,cardboard221,1
2618,cardboard65,1
2619,cardboard174,1
2620,cardboard66,1
2621,cardboard64,1
2622,cardboard393,1
2623,cardboard60,1
2624,cardboard86,1
2625,cardboard387,1
2626,cardboard135,1
2627,cardboard176,1
2628,cardboard89,1
2629,cardboard215,1
2630,cardboard111,1
2631,cardboard344,1
2632,cardboard160,1
2633,cardboard249,1
2634,cardboard147,1
2635,cardboard183,1
2636,cardboard243,1
2637,cardboard379,1
2638,cardboard398,1
2639,cardboard186,1
2640,cardboard94,1
2641,cardboard165,1
2642,cardboard261,1
2643,cardboard122,1
2644,cardboard314,1
2645,cardboard92,1
2646,cardboard382,1
2647,cardboard99,1
2648,cardboard152,1
2649,cardboard127,1
2650,cardboard115,1
2651,cardboard78,1
2652,cardboard217,1
2653,cardboard53,1
2654,cardboard347,1
2655,cardboard82,1
2656,cardboard377,1
2657,cardboard318,1
2658,cardboard354,1
2659,cardboard359,1
2660,cardboard271,1
2661,cardboard274,1
2662,cardboard101,1
2663,cardboard378,1
2664,cardboard202,1
2665,cardboard91,1
2666,cardboard19,1
2667,cardboard361,1
2668,cardboard309,1
2669,cardboard209,1
2670,cardboard163,1
2671,cardboard368,1
2672,cardboard331,1
2673,cardboard339,1
2674,cardboard138,1
2675,cardboard319,1
2676,cardboard12,1
2677,cardboard278,1
2678,cardboard153,1
2679,cardboard256,1
2680,cardboard305,1
2681,cardboard241,1
2682,cardboard255,1
2683,cardboard265,1
2684,cardboard34,1
2685,cardboard1,1
2686,cardboard222,1
2687,cardboard80,1
2688,cardboard182,1
2689,cardboard307,1
2690,cardboard4,1
2691,cardboard394,1
2692,cardboard224,1
2693,cardboard42,1
2694,cardboard3,1
2695,cardboard207,1
2696,cardboard72,1
2697,cardboard295,1
2698,cardboard351,1
2699,cardboard171,1
2700,cardboard48,1
2701,cardboard348,1
2702,cardboard337,1
2703,cardboard328,1
2704,cardboard51,1
2705,cardboard187,1
2706,cardboard63,1
2707,cardboard317,1
2708,cardboard54,1
2709,cardboard273,1
2710,cardboard168,1
2711,cardboard366,1
2712,cardboard9,1
2713,cardboard234,1
2714,cardboard196,1
2715,cardboard36,1
2716,cardboard61,1
2717,cardboard47,1
2718,cardboard386,1
2719,cardboard302,1
2720,cardboard116,1
2721,cardboard327,1
2722,cardboard334,1
2723,cardboard93,1
2724,cardboard148,1
2725,cardboard341,1
2726,cardboard402,1
2727,cardboard146,1
2728,cardboard38,1
2729,cardboard346,1
2730,cardboard145,1
2731,cardboard342,1
2732,cardboard75,1
2733,cardboard55,1
2734,cardboard31,1
2735,cardboard230,1
2736,cardboard205,1
2737,cardboard5,1
2738,cardboard315,1
2739,cardboard123,1
2740,cardboard323,1
2741,cardboard214,1
2742,cardboard67,1
2743,cardboard71,1
2744,cardboard97,1
2745,cardboard299,1
2746,cardboard399,1
2747,cardboard201,1
2748,cardboard50,1
2749,cardboard96,1
2750,cardboard356,1
2751,cardboard124,1
2752,cardboard280,1
2753,cardboard139,1
2754,cardboard247,1
2755,cardboard199,1
2756,cardboard113,1
2757,cardboard109,1
2758,cardboard185,1
2759,cardboard194,1
2760,cardboard140,1
2761,cardboard68,1
2762,cardboard287,1
2763,cardboard242,1
2764,cardboard18,1
2765,cardboard254,1
2766,cardboard43,1
2767,cardboard375,1
2768,cardboard286,1
2769,cardboard225,1
2770,cardboard16,1
2771,cardboard340,1
2772,cardboard251,1
2773,cardboard141,1
2774,cardboard231,1
2775,cardboard100,1
2776,cardboard137,1
2777,cardboard158,1
2778,cardboard169,1
2779,cardboard156,1
2780,cardboard32,1
2781,cardboard166,1
2782,cardboard161,1
2783,cardboard279,1
2784,cardboard367,1
2785,cardboard204,1
2786,cardboard84,1
2787,cardboard343,1
2788,cardboard203,1
2789,cardboard365,1
2790,cardboard184,1
2791,cardboard380,1
2792,41. textile-waste,0
2793,4. landfill-1,0
2794,32. waste,0
2795,14. featureimage_timmitchell_lucynorris,0
2796,23. eight_col_pile_of_clothes,0
2797,16. eco_fashion_runway_0,0
2798,49. ?format=750w,0
2799,35. 0909oldclothes05,0
2800,47. abiti-usati-rifiuti-e1484754108237,0
2801,6. clothing-waste-1,0
2802,36. clothing_banner-e1516122378471,0
2803,42. threadcycle-what-happens-chart,0
2804,5. 4607297160_4dab4ec30a_z,0
2805,8. wastage%2bin%2btextile%2band%2bapparel%2bindustry,0
2806,34. image12,0
2807,21. war+on+waste,0
2808,11. governmentcalledd2,0
2809,7. clothingspill,0
2810,1. clothes,0
2811,2. howmuchclothingwasted,0
2812,9. recycled-clothing-fast-fashion-may-creating-waste-crisis,0
2813,15. textiles-in-landfill-2,0
2814,28. gettyimages-98056962,0
2815,43. war-on-waste-interview-with-craig-reucassel-web,0
2816,10. clothing-waste,0
2817,33. slide-2,0
2818,50. %e2%80%98jhuta%e2%80%99-processing-of-bangladesh%e2%80%99s-clothing-industry-a-unique-example-of-sustainable-solid-waste-management,0
2819,30. goodwill-pile,0
2820,44. 1248_1200x,0
2821,31. 2308-02,0
2822,37. ch_q5jmexhgc_mk5quiwvjlyhcrqvswlsaqicpnijrsfqcwt_oq8wfu1dhdgh0zpg10b8q95dy0j89nmwio7xs,0
2823,13. jeans-clothing-waste,0
2824,17. clothing_waste_617x416,0
2825,3. worldwearproject-com,0
2826,18. shutterstock_597557063,0
2827,25. clothing-donations,0
2828,46. waste-products-such-as-clothing-plastic-and-other-rubbish-piled-up-k8deyc,0
2829,12. textile-waste,0
2830,22. 20170505012300_768817760,0
2831,38. unilever-clothing-waste635,0
2832,40. redress-hong-kong-miele-2011-1,0
2833,39. landfill-2,0
2834,24. btcgrh_cqaeifga,0
2835,19. landfill-879437_1280,0
